<?xml version="1.0" encoding="UTF-8"?>
<assembly xmlns="http://maven.apache.org/plugins/maven-assembly-plugin/assembly/1.1.0"
  xmlns:xsi="http://www.w3.org/2001/XMLSchema-instance"
  xsi:schemaLocation="http://maven.apache.org/plugins/maven-assembly-plugin/assembly/1.1.0 http://maven.apache.org/xsd/assembly-1.1.0.xsd">

  <id>bin</id>

  <formats>
    <format>zip</format>
  </formats>
  
  <componentDescriptors>
    <componentDescriptor>src/main/assembly/component-flows.xml</componentDescriptor>
  </componentDescriptors>

  <fileSets>
    <fileSet>
      <directory>${project.build.scriptSourceDirectory}</directory>
      <outputDirectory>/bin</outputDirectory>
    </fileSet>
    
    <fileSet>
      <directory>${project.basedir}/src/main/assembly/config</directory>
      <outputDirectory>/</outputDirectory>
      <includes>
        <include>*.props</include>
      </includes>
    </fileSet>
    
    <fileSet>
      <directory>${project.basedir}</directory>
      <outputDirectory>/license</outputDirectory>
      <includes>
        <include>LICENSE.txt</include>
      </includes>
    </fileSet>

    <fileSet>
      <directory>${project.build.directory}/generated-sources/license</directory>
      <outputDirectory>/license</outputDirectory>
      <includes>
        <include>*.txt</include>
      </includes>
    </fileSet>

    <fileSet>
      <directory>${project.build.directory}/sources</directory>
      <outputDirectory>/src</outputDirectory>
      <includes>
        <include>*.jar</include>
      </includes>
    </fileSet>

    <fileSet>
      <directory>${project.build.directory}/doc</directory>
      <outputDirectory>/</outputDirectory>
      <includes>
        <include>**/*.pdf</include>
      </includes>
    </fileSet>

    <fileSet>
      <directory>${project.build.directory}/flows</directory>
      <outputDirectory>/</outputDirectory>
      <excludes>
        <exclude>**/META-INF/**</exclude>
      </excludes>
    </fileSet>

    <fileSet>
      <directory>${project.build.directory}/wsdl</directory>
      <outputDirectory>/resources</outputDirectory>
      <excludes>
        <exclude>**/META-INF/**</exclude>
      </excludes>
    </fileSet>
  </fileSets>

  <dependencySets>
    <dependencySet>
      <outputDirectory>/lib</outputDirectory>
      <useProjectArtifact>true</useProjectArtifact>
      <excludes>
        <exclude>de.jflex:jflex:*</exclude>
      </excludes>
    </dependencySet>
  </dependencySets>
</assembly>
