<?xml version="1.0" encoding="UTF-8"?>
<component xmlns="http://maven.apache.org/plugins/maven-assembly-plugin/assembly/1.1.0"
  xmlns:xsi="http://www.w3.org/2001/XMLSchema-instance"
  xsi:schemaLocation="http://maven.apache.org/plugins/maven-assembly-plugin/assembly/1.1.0 http://maven.apache.org/xsd/assembly-1.1.0.xsd">

  <fileSets>
    <fileSet>
      <directory>${project.basedir}/src/main/flows</directory>
      <outputDirectory>/flows/</outputDirectory>
      <excludes>
        <exclude>output/*.*</exclude>
      </excludes>
    </fileSet>

    <fileSet>
      <directory>${project.build.directory}/flows</directory>
      <outputDirectory>/</outputDirectory>
    </fileSet>
  </fileSets>

  <files>
    <file>
      <source>${project.basedir}/src/main/assembly/config/ignore.me</source>
      <outputDirectory>/flows/output</outputDirectory>
    </file>
  </files>
</component>
