<?xml version="1.0" encoding="UTF-8"?>
<component xmlns="http://maven.apache.org/plugins/maven-assembly-plugin/assembly/1.1.0"
  xmlns:xsi="http://www.w3.org/2001/XMLSchema-instance"
  xsi:schemaLocation="http://maven.apache.org/plugins/maven-assembly-plugin/assembly/1.1.0 http://maven.apache.org/xsd/assembly-1.1.0.xsd">

  <dependencySets>
    <dependencySet>
      <outputDirectory>/lib/linux64</outputDirectory>
      <includes>
        <include>*:linux-x86_64</include>
      </includes>
    </dependencySet>
    <dependencySet>
      <outputDirectory>/lib/windows64</outputDirectory>
      <includes>
        <include>*:windows-x86_64</include>
      </includes>
    </dependencySet>
    <dependencySet>
      <outputDirectory>/lib/macosx64</outputDirectory>
      <includes>
        <include>*:macosx-x86_64</include>
      </includes>
    </dependencySet>
  </dependencySets>
</component>
